N,threads,work_time_s,status
20000,1,1.04783,OK
20000,2,0.568776,OK
20000,4,0.315054,OK
20000,7,0.191235,OK
20000,8,0.144548,OK
20000,16,0.0660635,OK
20000,20,0.0554388,OK
20000,40,0.0465334,OK
40000,1,4.31483,OK
40000,2,2.22412,OK
40000,4,1.05173,OK
40000,7,0.604854,OK
40000,8,0.5409,OK
40000,16,0.264722,OK
40000,20,0.220049,OK
40000,40,0.186355,OK