threads,work_time_s
1,49.9671
2,25.4865
4,13.0725
7,7.52758
8,6.58873
16,3.42282
20,2.82899
40,2.61985