threads,work_time_s
1,49.9517
2,25.8899
4,13.1487
7,7.53729
8,6.58506
16,3.32052
20,2.75108
40,2.34117