N,threads,work_time_s,status
20000,1,1.20787,OK
20000,2,0.586331,OK
20000,4,0.280795,OK
20000,7,0.161481,OK
20000,8,0.145649,OK
20000,16,0.0837025,OK
20000,20,0.0680895,OK
20000,40,0.0468369,OK
40000,1,4.2795,OK
40000,2,2.15328,OK
40000,4,1.15563,OK
40000,7,0.657463,OK
40000,8,0.598461,OK
40000,16,0.304025,OK
40000,20,0.24899,OK
40000,40,0.207062,OK